date,rooms_available,rooms_occupied,occupancy_rate,adr,revpar,room_revenue,bookings_made,cancellations
2024-09-01,74,72,0.973,301.83,293.67,21731.76,26,4
2024-09-02,74,57,0.7703,291.53,224.56,16617.21,29,1
2024-09-03,74,47,0.6351,288.28,183.1,13549.16,21,5
2024-09-04,74,50,0.6757,273.6,184.86,13680.0,22,1
2024-09-05,74,49,0.6622,272.26,180.28,13340.74,32,4
2024-09-06,74,57,0.7703,294.48,226.83,16785.36,21,1
2024-09-07,74,71,0.9595,302.4,290.14,21470.4,19,1
2024-09-08,74,50,0.6757,298.12,201.43,14906.0,33,3
2024-09-09,74,48,0.6486,289.45,187.75,13893.6,25,5
2024-09-10,74,41,0.5541,285.54,158.2,11707.14,34,7
2024-09-11,74,39,0.527,273.35,144.06,10660.65,25,4
2024-09-12,74,43,0.5811,272.15,158.14,11702.45,19,1
2024-09-13,74,50,0.6757,298.25,201.52,14912.5,29,5
2024-09-14,74,53,0.7162,303.5,217.37,16085.5,22,3
2024-09-15,74,51,0.6892,295.38,203.57,15064.38,30,3
2024-09-16,74,46,0.6216,288.25,179.18,13259.5,23,3
2024-09-17,74,34,0.4595,282.45,129.77,9603.3,38,3
2024-09-18,74,38,0.5135,267.35,137.29,10159.3,26,5
2024-09-19,74,46,0.6216,266.67,165.77,12266.82,31,5
2024-09-20,74,50,0.6757,292.6,197.7,14630.0,24,4
2024-09-21,74,74,1.0,298.18,298.18,22065.32,32,5
2024-09-22,74,60,0.8108,291.52,236.37,17491.2,25,1
2024-09-23,74,50,0.6757,289.36,195.51,14468.0,21,1
2024-09-24,74,38,0.5135,275.13,141.28,10454.94,24,3
2024-09-25,74,42,0.5676,272.9,154.89,11461.8,24,5
2024-09-26,74,57,0.7703,271.42,209.07,15470.94,32,4
2024-09-27,74,74,1.0,283.51,283.51,20979.74,16,1
2024-09-28,74,72,0.973,289.64,281.81,20854.08,22,1
2024-09-29,74,60,0.8108,274.43,222.51,16465.8,24,7
2024-09-30,74,59,0.7973,269.58,214.94,15905.22,21,1
2024-10-01,74,51,0.6892,265.29,182.84,13529.79,24,4
2024-10-02,74,36,0.4865,265.78,129.3,9568.08,31,3
2024-10-03,74,45,0.6081,259.18,157.61,11663.1,21,2
2024-10-04,74,71,0.9595,280.91,269.52,19944.61,25,0
2024-10-05,74,74,1.0,283.07,283.07,20947.18,17,1
2024-10-06,74,74,1.0,273.84,273.84,20264.16,17,1
2024-10-07,74,60,0.8108,269.06,218.16,16143.6,22,3
2024-10-08,74,47,0.6351,261.32,165.97,12282.04,26,4
2024-10-09,74,38,0.5135,261.46,134.26,9935.48,23,2
2024-10-10,74,39,0.527,256.44,135.15,10001.16,23,5
2024-10-11,74,50,0.6757,267.57,180.79,13378.5,17,0
2024-10-12,74,49,0.6622,274.42,181.71,13446.58,21,2
2024-10-13,74,52,0.7027,260.89,183.33,13566.28,23,2
2024-10-14,74,40,0.5405,255.61,138.17,10224.4,12,2
2024-10-15,74,37,0.5,257.63,128.82,9532.31,20,2
2024-10-16,74,38,0.5135,248.61,127.66,9447.18,27,3
2024-10-17,74,35,0.473,247.42,117.02,8659.7,26,3
2024-10-18,74,46,0.6216,258.83,160.89,11906.18,16,4
2024-10-19,74,48,0.6486,261.99,169.94,12575.52,23,2
2024-10-20,74,43,0.5811,252.89,146.95,10874.27,25,5
2024-10-21,74,42,0.5676,249.88,141.82,10494.96,16,0
2024-10-22,74,34,0.4595,244.45,112.31,8311.3,16,0
2024-10-23,74,34,0.4595,244.3,112.25,8306.2,22,2
2024-10-24,74,38,0.5135,248.86,127.79,9456.68,17,3
2024-10-25,74,66,0.8919,258.93,230.94,17089.38,20,4
2024-10-26,74,72,0.973,257.14,250.19,18514.08,17,4
2024-10-27,74,55,0.7432,247.59,184.02,13617.45,18,3
2024-10-28,74,51,0.6892,245.18,168.98,12504.18,25,1
2024-10-29,74,50,0.6757,237.35,160.37,11867.5,29,1
2024-10-30,74,39,0.527,230.79,121.63,9000.81,19,3
2024-10-31,74,39,0.527,225.5,118.84,8794.5,11,2
2024-11-01,74,58,0.7838,237.99,186.53,13803.42,20,1
2024-11-02,74,66,0.8919,240.45,214.46,15869.7,30,1
2024-11-03,74,48,0.6486,232.74,150.97,11171.52,13,0
2024-11-04,74,42,0.5676,225.24,127.84,9460.08,19,0
2024-11-05,74,36,0.4865,222.35,108.17,8004.6,14,0
2024-11-06,74,28,0.3784,210.74,79.74,5900.72,21,0
2024-11-07,74,32,0.4324,217.63,94.11,6964.16,18,1
2024-11-08,74,37,0.5,224.53,112.27,8307.61,16,1
2024-11-09,74,43,0.5811,230.07,133.69,9893.01,22,3
2024-11-10,74,40,0.5405,227.4,122.92,9096.0,7,0
2024-11-11,74,41,0.5541,222.02,123.01,9102.82,22,1
2024-11-12,74,35,0.473,212.36,100.44,7432.6,15,1
2024-11-13,74,28,0.3784,203.45,76.98,5696.6,15,4
2024-11-14,74,30,0.4054,213.41,86.52,6402.3,19,2
2024-11-15,74,42,0.5676,223.58,126.9,9390.36,15,1
2024-11-16,74,44,0.5946,225.01,133.79,9900.44,16,1
2024-11-17,74,44,0.5946,216.17,128.53,9511.48,13,2
2024-11-18,74,40,0.5405,214.56,115.98,8582.4,13,2
2024-11-19,74,35,0.473,202.67,95.86,7093.45,19,2
2024-11-20,74,35,0.473,200.48,94.82,7016.8,21,1
2024-11-21,74,28,0.3784,199.05,75.32,5573.4,14,3
2024-11-22,74,41,0.5541,210.19,116.46,8617.79,12,1
2024-11-23,74,47,0.6351,215.74,137.02,10139.78,15,1
2024-11-24,74,45,0.6081,205.49,124.96,9247.05,21,1
2024-11-25,74,43,0.5811,199.25,115.78,8567.75,13,3
2024-11-26,74,40,0.5405,191.28,103.39,7651.2,12,1
2024-11-27,74,35,0.473,189.32,89.54,6626.2,14,1
2024-11-28,74,31,0.4189,194.09,81.31,6016.79,17,3
2024-11-29,74,46,0.6216,196.88,122.38,9056.48,11,0
2024-11-30,74,48,0.6486,201.15,130.48,9655.2,15,4
2024-12-01,74,51,0.6892,197.85,136.36,10090.35,17,3
2024-12-02,74,49,0.6622,190.8,126.34,9349.2,15,1
2024-12-03,74,41,0.5541,188.2,104.27,7716.2,14,2
2024-12-04,74,28,0.3784,179.93,68.08,5038.04,10,1
2024-12-05,74,25,0.3378,179.45,60.62,4486.25,15,2
2024-12-06,74,31,0.4189,189.15,79.24,5863.65,15,0
2024-12-07,74,38,0.5135,192.83,99.02,7327.54,11,3
2024-12-08,74,41,0.5541,188.54,104.46,7730.14,14,1
2024-12-09,74,32,0.4324,187.45,81.06,5998.4,16,0
2024-12-10,74,23,0.3108,183.13,56.92,4211.99,10,2
2024-12-11,74,16,0.2162,172.2,37.23,2755.2,14,0
2024-12-12,74,17,0.2297,166.96,38.36,2838.32,19,0
2024-12-13,74,20,0.2703,173.98,47.02,3479.6,15,1
2024-12-14,74,28,0.3784,185.16,70.06,5184.48,15,0
2024-12-15,74,25,0.3378,173.82,58.72,4345.5,12,0
2024-12-16,74,17,0.2297,171.7,39.44,2918.9,10,0
2024-12-17,74,22,0.2973,169.32,50.34,3725.04,13,1
2024-12-18,74,24,0.3243,169.72,55.04,4073.28,13,2
2024-12-19,74,20,0.2703,169.91,45.92,3398.2,24,3
2024-12-20,74,31,0.4189,179.05,75.01,5550.55,9,2
2024-12-21,74,40,0.5405,175.73,94.99,7029.2,14,1
2024-12-22,74,31,0.4189,165.9,69.5,5142.9,16,2
2024-12-23,74,20,0.2703,168.79,45.62,3375.8,15,2
2024-12-24,74,14,0.1892,155.49,29.42,2176.86,17,3
2024-12-25,74,18,0.2432,159.42,38.78,2869.56,12,1
2024-12-26,74,18,0.2432,157.93,38.42,2842.74,19,2
2024-12-27,74,27,0.3649,165.61,60.43,4471.47,10,2
2024-12-28,74,32,0.4324,165.34,71.5,5290.88,16,1
2024-12-29,74,38,0.5135,162.41,83.4,6171.58,14,0
2024-12-30,74,33,0.4459,161.56,72.05,5331.48,11,3
2024-12-31,74,24,0.3243,155.92,50.57,3742.08,13,2
2025-01-01,74,25,0.3378,152.85,51.64,3821.25,9,2
2025-01-02,74,33,0.4459,161.18,71.88,5318.94,15,4
2025-01-03,74,34,0.4595,166.44,76.47,5658.96,8,0
2025-01-04,74,39,0.527,171.47,90.37,6687.33,19,1
2025-01-05,74,33,0.4459,166.88,74.42,5507.04,20,5
2025-01-06,74,22,0.2973,167.19,49.71,3678.18,19,0
2025-01-07,74,24,0.3243,162.17,52.6,3892.08,15,3
2025-01-08,74,26,0.3514,157.35,55.29,4091.1,17,3
2025-01-09,74,27,0.3649,159.08,58.04,4295.16,8,3
2025-01-10,74,31,0.4189,163.42,68.46,5066.02,13,2
2025-01-11,74,34,0.4595,166.88,76.67,5673.92,20,1
2025-01-12,74,34,0.4595,160.79,73.88,5466.86,13,0
2025-01-13,74,25,0.3378,162.35,54.85,4058.75,15,0
2025-01-14,74,18,0.2432,160.0,38.92,2880.0,16,2
2025-01-15,74,19,0.2568,156.76,40.25,2978.44,8,0
2025-01-16,74,24,0.3243,154.49,50.1,3707.76,19,3
2025-01-17,74,28,0.3784,163.82,61.99,4586.96,23,1
2025-01-18,74,41,0.5541,167.97,93.06,6886.77,10,1
2025-01-19,74,35,0.473,161.48,76.38,5651.8,19,1
2025-01-20,74,29,0.3919,157.86,61.86,4577.94,10,1
2025-01-21,74,17,0.2297,155.86,35.81,2649.62,17,1
2025-01-22,74,14,0.1892,148.21,28.04,2074.94,22,2
2025-01-23,74,24,0.3243,155.19,50.33,3724.56,15,2
2025-01-24,74,25,0.3378,160.93,54.37,4023.25,16,3
2025-01-25,74,31,0.4189,166.95,69.94,5175.45,19,3
2025-01-26,74,27,0.3649,157.72,57.55,4258.44,18,2
2025-01-27,74,27,0.3649,154.24,56.28,4164.48,13,0
2025-01-28,74,27,0.3649,151.36,55.23,4086.72,22,2
2025-01-29,74,32,0.4324,153.13,66.22,4900.16,14,1
2025-01-30,74,36,0.4865,158.16,76.94,5693.76,13,0
2025-01-31,74,40,0.5405,164.95,89.16,6598.0,15,3
2025-02-01,74,33,0.4459,173.44,77.34,5723.52,15,2
2025-02-02,74,30,0.4054,172.12,69.78,5163.6,15,5
2025-02-03,74,32,0.4324,164.61,71.18,5267.52,26,4
2025-02-04,74,28,0.3784,160.31,60.66,4488.68,13,1
2025-02-05,74,22,0.2973,158.33,47.07,3483.26,20,2
2025-02-06,74,25,0.3378,164.2,55.47,4105.0,22,1
2025-02-07,74,36,0.4865,176.72,85.97,6361.92,14,3
2025-02-08,74,36,0.4865,181.61,88.35,6537.96,22,1
2025-02-09,74,30,0.4054,176.62,71.6,5298.6,24,2
2025-02-10,74,33,0.4459,168.3,75.05,5553.9,17,4
2025-02-11,74,30,0.4054,163.53,66.3,4905.9,17,0
2025-02-12,74,32,0.4324,162.16,70.12,5189.12,15,2
2025-02-13,74,30,0.4054,171.51,69.53,5145.3,20,2
2025-02-14,74,37,0.5,182.73,91.36,6761.01,14,0
2025-02-15,74,51,0.6892,191.57,132.03,9770.07,20,1
2025-02-16,74,37,0.5,189.76,94.88,7021.12,22,4
2025-02-17,74,35,0.473,187.93,88.89,6577.55,15,3
2025-02-18,74,30,0.4054,183.02,74.2,5490.6,27,1
2025-02-19,74,30,0.4054,185.47,75.19,5564.1,19,3
2025-02-20,74,28,0.3784,178.94,67.71,5010.32,14,2
2025-02-21,74,43,0.5811,193.25,112.29,8309.75,29,1
2025-02-22,74,44,0.5946,195.56,116.28,8604.64,26,5
2025-02-23,74,46,0.6216,186.15,115.71,8562.9,22,0
2025-02-24,74,45,0.6081,184.16,111.99,8287.2,25,2
2025-02-25,74,36,0.4865,178.75,86.96,6435.0,21,2
2025-02-26,74,28,0.3784,181.09,68.52,5070.52,18,2
2025-02-27,74,25,0.3378,185.46,62.66,4636.5,28,1
2025-02-28,74,34,0.4595,194.16,89.21,6601.44,25,2
2025-03-01,74,41,0.5541,201.2,111.48,8249.2,14,2
2025-03-02,74,36,0.4865,198.37,96.5,7141.32,28,4
2025-03-03,74,38,0.5135,197.67,101.51,7511.46,24,1
2025-03-04,74,25,0.3378,194.87,65.83,4871.75,16,3
2025-03-05,74,25,0.3378,191.09,64.56,4777.25,25,5
2025-03-06,74,24,0.3243,189.24,61.38,4541.76,25,0
2025-03-07,74,43,0.5811,211.19,122.72,9081.17,25,2
2025-03-08,74,60,0.8108,220.94,179.14,13256.4,27,3
2025-03-09,74,59,0.7973,212.96,169.79,12564.64,16,2
2025-03-10,74,51,0.6892,205.65,141.73,10488.15,20,3
2025-03-11,74,40,0.5405,206.19,111.45,8247.6,16,0
2025-03-12,74,37,0.5,202.1,101.05,7477.7,30,3
2025-03-13,74,34,0.4595,202.52,93.05,6885.68,28,3
2025-03-14,74,43,0.5811,222.75,129.44,9578.25,27,3
2025-03-15,74,51,0.6892,222.17,153.12,11330.67,27,4
2025-03-16,74,39,0.527,221.05,116.5,8620.95,36,5
2025-03-17,74,37,0.5,214.98,107.49,7954.26,25,4
2025-03-18,74,28,0.3784,213.65,80.84,5982.2,20,1
2025-03-19,74,29,0.3919,206.17,80.8,5978.93,31,6
2025-03-20,74,32,0.4324,209.44,90.57,6702.08,27,1
2025-03-21,74,45,0.6081,232.81,141.57,10476.45,28,2
2025-03-22,74,43,0.5811,237.8,138.18,10225.4,33,4
2025-03-23,74,42,0.5676,226.75,128.7,9523.5,33,2
2025-03-24,74,42,0.5676,225.71,128.11,9479.82,26,3
2025-03-25,74,30,0.4054,225.41,91.38,6762.3,31,4
2025-03-26,74,28,0.3784,228.39,86.42,6394.92,29,3
2025-03-27,74,25,0.3378,227.04,76.7,5676.0,31,4
2025-03-28,74,34,0.4595,239.86,110.21,8155.24,31,2
2025-03-29,74,50,0.6757,245.72,166.03,12286.0,29,2
2025-03-30,74,55,0.7432,239.39,177.92,13166.45,28,4
2025-03-31,74,47,0.6351,235.23,149.4,11055.81,30,2
2025-04-01,74,44,0.5946,232.94,138.5,10249.36,34,6
2025-04-02,74,39,0.527,230.63,121.55,8994.57,25,5
2025-04-03,74,46,0.6216,234.34,145.67,10779.64,31,0
2025-04-04,74,62,0.8378,249.9,209.38,15493.8,29,10
2025-04-05,74,66,0.8919,255.14,227.56,16839.24,42,4
2025-04-06,74,58,0.7838,248.26,194.58,14399.08,48,5
2025-04-07,74,61,0.8243,242.97,200.29,14821.17,33,4
2025-04-08,74,42,0.5676,240.39,136.44,10096.38,34,2
2025-04-09,74,27,0.3649,237.47,86.64,6411.69,41,3
2025-04-10,74,38,0.5135,242.96,124.76,9232.48,35,0
2025-04-11,74,49,0.6622,262.96,174.12,12885.04,33,2
2025-04-12,74,55,0.7432,268.02,199.2,14741.1,30,3
2025-04-13,74,55,0.7432,258.87,192.4,14237.85,26,4
2025-04-14,74,49,0.6622,250.83,166.09,12290.67,41,6
2025-04-15,74,35,0.473,241.88,114.4,8465.8,33,0
2025-04-16,74,46,0.6216,241.92,150.38,11128.32,28,4
2025-04-17,74,58,0.7838,252.75,198.1,14659.5,44,6
2025-04-18,74,62,0.8378,263.31,220.61,16325.22,46,2
2025-04-19,74,72,0.973,273.8,266.4,19713.6,31,3
2025-04-20,74,69,0.9324,268.04,249.93,18494.76,31,2
2025-04-21,74,52,0.7027,259.97,182.68,13518.44,36,6
2025-04-22,74,56,0.7568,257.1,194.56,14397.6,32,2
2025-04-23,74,51,0.6892,260.13,179.28,13266.63,33,4
2025-04-24,74,48,0.6486,261.15,169.39,12535.2,31,5
2025-04-25,74,66,0.8919,279.35,249.15,18437.1,40,5
2025-04-26,74,65,0.8784,287.93,252.91,18715.45,31,5
2025-04-27,74,65,0.8784,281.07,246.89,18269.55,28,5
2025-04-28,74,58,0.7838,269.65,211.35,15639.7,28,8
2025-04-29,74,46,0.6216,268.08,166.64,12331.68,34,9
2025-04-30,74,38,0.5135,266.41,136.81,10123.58,27,3
2025-05-01,74,44,0.5946,267.28,158.92,11760.32,32,6
2025-05-02,74,69,0.9324,286.5,267.14,19768.5,32,3
2025-05-03,74,67,0.9054,293.19,265.46,19643.73,28,4
2025-05-04,74,50,0.6757,286.05,193.28,14302.5,30,1
2025-05-05,74,48,0.6486,272.2,176.56,13065.6,38,7
2025-05-06,74,41,0.5541,273.14,151.33,11198.74,34,8
2025-05-07,74,41,0.5541,273.4,151.48,11209.4,42,5
2025-05-08,74,38,0.5135,267.97,137.61,10182.86,32,1
2025-05-09,74,63,0.8514,295.14,251.27,18593.82,32,5
2025-05-10,74,59,0.7973,304.51,242.78,17966.09,36,3
2025-05-11,74,43,0.5811,289.73,168.36,12458.39,24,2
2025-05-12,74,43,0.5811,284.33,165.22,12226.19,27,1
2025-05-13,74,44,0.5946,275.95,164.08,12141.8,31,5
2025-05-14,74,43,0.5811,272.93,158.59,11735.99,31,6
2025-05-15,74,55,0.7432,271.81,202.02,14949.55,39,5
2025-05-16,74,65,0.8784,286.22,251.41,18604.3,24,2
2025-05-17,74,69,0.9324,305.62,284.97,21087.78,42,7
2025-05-18,74,56,0.7568,298.23,225.69,16700.88,37,4
2025-05-19,74,49,0.6622,293.28,194.2,14370.72,32,3
2025-05-20,74,43,0.5811,293.04,170.28,12600.72,37,7
2025-05-21,74,42,0.5676,282.53,160.35,11866.26,31,4
2025-05-22,74,45,0.6081,281.34,171.09,12660.3,30,6
2025-05-23,74,74,1.0,312.05,312.05,23091.7,27,3
2025-05-24,74,74,1.0,316.1,316.1,23391.4,30,5
2025-05-25,74,74,1.0,304.55,304.55,22536.7,37,5
2025-05-26,74,74,1.0,299.53,299.53,22165.22,39,6
2025-05-27,74,61,0.8243,296.88,244.73,18109.68,36,3
2025-05-28,74,57,0.7703,290.91,224.08,16581.87,33,4
2025-05-29,74,61,0.8243,288.14,237.52,17576.54,29,3
2025-05-30,74,74,1.0,308.42,308.42,22823.08,21,4
2025-05-31,74,74,1.0,315.11,315.11,23318.14,33,4
2025-06-01,74,62,0.8378,305.24,255.74,18924.88,27,2
2025-06-02,74,52,0.7027,299.66,210.57,15582.32,25,3
2025-06-03,74,51,0.6892,300.14,206.85,15307.14,34,2
2025-06-04,74,48,0.6486,292.24,189.56,14027.52,30,2
2025-06-05,74,59,0.7973,296.86,236.69,17514.74,34,1
2025-06-06,74,65,0.8784,313.81,275.64,20397.65,33,6
2025-06-07,74,74,1.0,324.12,324.12,23984.88,45,8
2025-06-08,74,65,0.8784,311.55,273.66,20250.75,27,2
2025-06-09,74,47,0.6351,304.7,193.53,14320.9,36,6
2025-06-10,74,46,0.6216,296.36,184.22,13632.56,30,4
2025-06-11,74,43,0.5811,289.59,168.28,12452.37,34,2
2025-06-12,74,57,0.7703,295.77,227.82,16858.89,25,3
2025-06-13,74,74,1.0,315.05,315.05,23313.7,32,4
2025-06-14,74,74,1.0,325.68,325.68,24100.32,24,5
2025-06-15,74,70,0.9459,312.85,295.94,21899.5,34,2
2025-06-16,74,69,0.9324,307.27,286.51,21201.63,28,2
2025-06-17,74,58,0.7838,299.8,234.98,17388.4,30,1
2025-06-18,74,56,0.7568,292.1,221.05,16357.6,31,2
2025-06-19,74,59,0.7973,296.75,236.6,17508.25,31,6
2025-06-20,74,74,1.0,315.58,315.58,23352.92,41,8
2025-06-21,74,74,1.0,323.3,323.3,23924.2,33,3
2025-06-22,74,73,0.9865,317.59,313.3,23184.07,22,1
2025-06-23,74,63,0.8514,310.9,264.69,19586.7,29,0
2025-06-24,74,56,0.7568,301.26,227.98,16870.56,34,4
2025-06-25,74,38,0.5135,296.11,152.06,11252.18,32,2
2025-06-26,74,43,0.5811,296.86,172.5,12764.98,33,4
2025-06-27,74,48,0.6486,323.27,209.69,15516.96,27,3
2025-06-28,74,56,0.7568,323.07,244.49,18091.92,33,1
2025-06-29,74,57,0.7703,310.55,239.21,17701.35,29,5
2025-06-30,74,43,0.5811,308.04,179.0,13245.72,28,5
2025-07-01,74,48,0.6486,302.18,196.01,14504.64,39,5
2025-07-02,74,46,0.6216,303.91,188.92,13979.86,34,7
2025-07-03,74,66,0.8919,303.52,270.71,20032.32,31,2
2025-07-04,74,74,1.0,326.75,326.75,24179.5,28,7
2025-07-05,74,74,1.0,331.8,331.8,24553.2,26,2
2025-07-06,74,74,1.0,320.84,320.84,23742.16,32,3
2025-07-07,74,74,1.0,311.37,311.37,23041.38,30,6
2025-07-08,74,61,0.8243,303.86,250.48,18535.46,28,2
2025-07-09,74,58,0.7838,302.21,236.87,17528.18,26,3
2025-07-10,74,56,0.7568,304.03,230.08,17025.68,38,4
2025-07-11,74,74,1.0,323.86,323.86,23965.64,34,4
2025-07-12,74,74,1.0,328.66,328.66,24320.84,30,2
2025-07-13,74,74,1.0,322.62,322.62,23873.88,27,2
2025-07-14,74,61,0.8243,310.68,256.1,18951.48,29,2
2025-07-15,74,53,0.7162,305.68,218.93,16201.04,22,3
2025-07-16,74,55,0.7432,303.29,225.42,16680.95,19,2
2025-07-17,74,63,0.8514,299.12,254.66,18844.56,22,3
2025-07-18,74,74,1.0,314.07,314.07,23241.18,27,1
2025-07-19,74,74,1.0,323.54,323.54,23941.96,27,2
2025-07-20,74,74,1.0,310.95,310.95,23010.3,29,5
2025-07-21,74,71,0.9595,307.0,294.55,21797.0,34,3
2025-07-22,74,54,0.7297,302.23,220.55,16320.42,39,8
2025-07-23,74,48,0.6486,299.26,194.11,14364.48,23,1
2025-07-24,74,55,0.7432,302.93,225.15,16661.15,34,3
2025-07-25,74,71,0.9595,323.19,310.09,22946.49,30,2
2025-07-26,74,72,0.973,334.37,325.33,24074.64,25,1
2025-07-27,74,68,0.9189,325.45,299.06,22130.6,31,5
2025-07-28,74,58,0.7838,319.38,250.32,18524.04,23,2
2025-07-29,74,52,0.7027,320.59,225.28,16670.68,24,3
2025-07-30,74,56,0.7568,312.45,236.45,17497.2,22,5
2025-07-31,74,51,0.6892,307.91,212.21,15703.41,30,5
2025-08-01,74,74,1.0,326.83,326.83,24185.42,23,5
2025-08-02,74,74,1.0,329.82,329.82,24406.68,18,1
2025-08-03,74,72,0.973,319.85,311.21,23029.2,31,3
2025-08-04,74,69,0.9324,311.7,290.64,21507.3,35,1
2025-08-05,74,56,0.7568,307.27,232.53,17207.12,31,3
2025-08-06,74,54,0.7297,304.93,222.52,16466.22,23,3
2025-08-07,74,59,0.7973,301.54,240.42,17790.86,22,1
2025-08-08,74,74,1.0,322.21,322.21,23843.54,19,6
2025-08-09,74,74,1.0,332.39,332.39,24596.86,23,1
2025-08-10,74,74,1.0,320.95,320.95,23750.3,22,4
2025-08-11,74,74,1.0,314.38,314.38,23264.12,36,4
2025-08-12,74,65,0.8784,310.68,272.89,20194.2,28,7
2025-08-13,74,74,1.0,300.19,300.19,22214.06,20,2
2025-08-14,74,61,0.8243,304.07,250.65,18548.27,18,1
2025-08-15,74,74,1.0,319.54,319.54,23645.96,23,2
2025-08-16,74,74,1.0,327.79,327.79,24256.46,32,1
2025-08-17,74,61,0.8243,320.06,263.83,19523.66,23,6
2025-08-18,74,60,0.8108,311.85,252.85,18711.0,36,3
2025-08-19,74,43,0.5811,309.05,179.58,13289.15,30,4
2025-08-20,74,51,0.6892,307.34,211.82,15674.34,31,4
2025-08-21,74,64,0.8649,305.75,264.43,19568.0,30,3
2025-08-22,74,71,0.9595,316.66,303.82,22482.86,23,2
2025-08-23,74,74,1.0,327.13,327.13,24207.62,27,2
2025-08-24,74,60,0.8108,322.35,261.36,19341.0,21,1
2025-08-25,74,46,0.6216,315.94,196.4,14533.24,25,5
2025-08-26,74,49,0.6622,295.8,195.87,14494.2,23,2
2025-08-27,74,51,0.6892,301.05,207.48,15353.55,31,4
2025-08-28,74,58,0.7838,299.95,235.1,17397.1,32,1
2025-08-29,74,74,1.0,322.77,322.77,23884.98,25,1
2025-08-30,74,74,1.0,324.58,324.58,24018.92,26,3
2025-08-31,74,74,1.0,318.69,318.69,23583.06,23,4
2025-09-01,74,74,1.0,307.31,307.31,22740.94,21,1
2025-09-02,74,68,0.9189,299.01,274.77,20332.68,24,3
2025-09-03,74,52,0.7027,295.76,207.83,15379.52,30,5
2025-09-04,74,66,0.8919,292.46,260.84,19302.36,32,5
2025-09-05,74,72,0.973,309.85,301.48,22309.2,27,8
2025-09-06,74,74,1.0,320.73,320.73,23734.02,34,4
2025-09-07,74,67,0.9054,317.78,287.72,21291.26,26,2
2025-09-08,74,46,0.6216,304.87,189.51,14024.02,18,4
2025-09-09,74,56,0.7568,298.37,225.79,16708.72,20,4
2025-09-10,74,49,0.6622,297.15,196.76,14560.35,35,5
2025-09-11,74,55,0.7432,295.88,219.91,16273.4,25,1
2025-09-12,74,64,0.8649,308.46,266.78,19741.44,32,3
2025-09-13,74,68,0.9189,320.18,294.22,21772.24,28,9
2025-09-14,74,53,0.7162,306.79,219.73,16259.87,32,5
2025-09-15,74,48,0.6486,297.27,192.82,14268.96,25,3
2025-09-16,74,45,0.6081,284.73,173.15,12812.85,27,4
2025-09-17,74,40,0.5405,283.57,153.28,11342.8,24,2
2025-09-18,74,44,0.5946,283.17,168.37,12459.48,37,5
2025-09-19,74,64,0.8649,308.14,266.5,19720.96,31,8
2025-09-20,74,74,1.0,313.82,313.82,23222.68,30,3
2025-09-21,74,66,0.8919,306.59,273.45,20234.94,21,1
2025-09-22,74,58,0.7838,297.01,232.79,17226.58,33,6
2025-09-23,74,41,0.5541,290.89,161.17,11926.49,19,2
2025-09-24,74,39,0.527,285.73,150.59,11143.47,32,3
2025-09-25,74,51,0.6892,283.61,195.46,14464.11,28,2
2025-09-26,74,74,1.0,302.59,302.59,22391.66,30,2
2025-09-27,74,70,0.9459,305.48,288.97,21383.6,26,1
2025-09-28,74,47,0.6351,298.36,189.5,14022.92,30,6
2025-09-29,74,56,0.7568,285.54,216.08,15990.24,26,4
2025-09-30,74,56,0.7568,282.72,213.95,15832.32,24,4
2025-10-01,74,43,0.5811,279.29,162.29,12009.47,23,5
2025-10-02,74,47,0.6351,275.48,174.97,12947.56,22,2
2025-10-03,74,59,0.7973,289.49,230.81,17079.91,24,5
2025-10-04,74,74,1.0,297.63,297.63,22024.62,39,8
2025-10-05,74,66,0.8919,284.33,253.59,18765.78,29,5
2025-10-06,74,57,0.7703,281.31,216.68,16034.67,26,6
2025-10-07,74,61,0.8243,271.49,223.8,16560.89,23,4
2025-10-08,74,52,0.7027,266.4,187.2,13852.8,32,5
2025-10-09,74,51,0.6892,267.39,184.28,13636.89,27,5
2025-10-10,74,53,0.7162,282.23,202.14,14958.19,17,3
2025-10-11,74,55,0.7432,284.53,211.48,15649.15,22,4
2025-10-12,74,55,0.7432,276.05,205.17,15182.75,26,4
2025-10-13,74,55,0.7432,269.98,200.66,14848.9,38,2
2025-10-14,74,45,0.6081,261.07,158.76,11748.15,22,5
2025-10-15,74,41,0.5541,255.67,141.66,10482.47,16,1
2025-10-16,74,39,0.527,255.03,134.41,9946.17,25,5
2025-10-17,74,60,0.8108,274.87,222.87,16492.2,26,0
2025-10-18,74,63,0.8514,283.45,241.32,17857.35,22,4
2025-10-19,74,43,0.5811,266.7,154.97,11468.1,30,2
2025-10-20,74,44,0.5946,268.03,159.37,11793.32,30,4
2025-10-21,74,34,0.4595,259.42,119.19,8820.28,21,3
2025-10-22,74,41,0.5541,251.06,139.1,10293.46,22,1
2025-10-23,74,49,0.6622,249.8,165.41,12240.2,14,0
2025-10-24,74,60,0.8108,263.59,213.72,15815.4,16,0
2025-10-25,74,74,1.0,270.91,270.91,20047.34,19,2
2025-10-26,74,67,0.9054,262.65,237.8,17597.55,18,3
2025-10-27,74,55,0.7432,257.81,191.62,14179.55,18,3
2025-10-28,74,51,0.6892,243.4,167.75,12413.4,28,6
2025-10-29,74,40,0.5405,239.77,129.61,9590.8,25,2
2025-10-30,74,44,0.5946,234.36,139.35,10311.84,13,2
2025-10-31,74,58,0.7838,251.74,197.31,14600.92,22,1
2025-11-01,74,63,0.8514,259.54,220.96,16351.02,18,2
2025-11-02,74,59,0.7973,249.21,198.69,14703.39,21,1
2025-11-03,74,44,0.5946,245.83,146.17,10816.52,15,1
2025-11-04,74,33,0.4459,245.06,109.28,8086.98,22,5
2025-11-05,74,28,0.3784,236.84,89.62,6631.52,21,3
2025-11-06,74,28,0.3784,232.45,87.95,6508.6,17,3
2025-11-07,74,48,0.6486,247.93,160.82,11900.64,22,2
2025-11-08,74,51,0.6892,250.62,172.72,12781.62,13,1
2025-11-09,74,41,0.5541,246.84,136.76,10120.44,20,2
2025-11-10,74,47,0.6351,238.12,151.24,11191.64,14,0
2025-11-11,74,37,0.5,229.74,114.87,8500.38,18,0
2025-11-12,74,35,0.473,219.1,103.63,7668.5,18,1
2025-11-13,74,40,0.5405,221.53,119.75,8861.2,14,1
2025-11-14,74,47,0.6351,234.68,149.05,11029.96,14,1
2025-11-15,74,62,0.8378,235.35,197.19,14591.7,20,2
2025-11-16,74,52,0.7027,226.74,159.33,11790.48,20,2
2025-11-17,74,42,0.5676,223.1,126.62,9370.2,26,6
2025-11-18,74,32,0.4324,202.79,87.69,6489.28,13,2
2025-11-19,74,33,0.4459,197.64,88.14,6522.12,20,1
2025-11-20,74,37,0.5,200.63,100.32,7423.31,14,2
2025-11-21,74,50,0.6757,220.14,148.74,11007.0,20,2
2025-11-22,74,47,0.6351,227.72,144.63,10702.84,15,0
2025-11-23,74,39,0.527,222.88,117.46,8692.32,19,4
2025-11-24,74,41,0.5541,210.88,116.84,8646.08,13,0
2025-11-25,74,30,0.4054,205.47,83.3,6164.1,19,1
2025-11-26,74,38,0.5135,193.61,99.42,7357.18,18,1
2025-11-27,74,48,0.6486,189.05,122.63,9074.4,13,3
2025-11-28,74,61,0.8243,202.34,166.79,12342.74,13,2
2025-11-29,74,66,0.8919,208.42,185.89,13755.72,14,1
2025-11-30,74,48,0.6486,199.4,129.34,9571.2,20,0
2025-12-01,74,30,0.4054,202.92,82.26,6087.6,20,3
2025-12-02,74,21,0.2838,191.06,54.22,4012.26,13,2
2025-12-03,74,29,0.3919,181.1,70.97,5251.9,19,2
2025-12-04,74,25,0.3378,184.14,62.21,4603.5,20,5
2025-12-05,74,31,0.4189,195.9,82.07,6072.9,11,1
2025-12-06,74,34,0.4595,204.32,93.88,6946.88,11,0
2025-12-07,74,29,0.3919,192.27,75.35,5575.83,13,2
2025-12-08,74,20,0.2703,192.92,52.14,3858.4,26,2
2025-12-09,74,21,0.2838,179.57,50.96,3770.97,23,3
2025-12-10,74,24,0.3243,176.53,57.25,4236.72,17,5
2025-12-11,74,29,0.3919,182.44,71.5,5290.76,19,3
2025-12-12,74,39,0.527,186.84,98.47,7286.76,14,3
2025-12-13,74,51,0.6892,190.63,131.38,9722.13,7,3
2025-12-14,74,30,0.4054,185.28,75.11,5558.4,20,3
2025-12-15,74,29,0.3919,174.7,68.46,5066.3,12,3
2025-12-16,74,31,0.4189,174.15,72.95,5398.65,21,1
2025-12-17,74,28,0.3784,169.36,64.08,4742.08,11,2
2025-12-18,74,34,0.4595,172.11,79.08,5851.74,9,0
2025-12-19,74,45,0.6081,181.54,110.4,8169.3,10,1
2025-12-20,74,43,0.5811,183.97,106.9,7910.71,18,2
2025-12-21,74,37,0.5,173.88,86.94,6433.56,18,1
2025-12-22,74,28,0.3784,177.59,67.2,4972.52,14,1
2025-12-23,74,26,0.3514,175.41,61.63,4560.66,12,0
2025-12-24,74,23,0.3108,168.5,52.37,3875.5,19,1
2025-12-25,74,27,0.3649,163.49,59.65,4414.23,23,4
2025-12-26,74,48,0.6486,180.8,117.28,8678.4,16,1
2025-12-27,74,58,0.7838,185.02,145.02,10731.16,19,2
2025-12-28,74,45,0.6081,177.84,108.15,8002.8,13,1
2025-12-29,74,49,0.6622,168.27,111.42,8245.23,20,5
2025-12-30,74,25,0.3378,166.21,56.15,4155.25,12,0
2025-12-31,74,25,0.3378,162.89,55.03,4072.25,14,3
2026-01-01,74,27,0.3649,156.26,57.01,4219.02,13,0
2026-01-02,74,38,0.5135,174.55,89.63,6632.9,17,1
2026-01-03,74,43,0.5811,176.54,102.58,7591.22,11,3
2026-01-04,74,38,0.5135,169.26,86.92,6431.88,14,1
2026-01-05,74,30,0.4054,163.88,66.44,4916.4,23,2
2026-01-06,74,18,0.2432,158.93,38.66,2860.74,12,0
2026-01-07,74,15,0.2027,159.64,32.36,2394.6,19,3
2026-01-08,74,21,0.2838,159.38,45.23,3346.98,11,2
2026-01-09,74,29,0.3919,174.15,68.25,5050.35,19,2
2026-01-10,74,28,0.3784,176.74,66.87,4948.72,9,0
2026-01-11,74,25,0.3378,167.44,56.57,4186.0,10,0
2026-01-12,74,23,0.3108,158.6,49.29,3647.8,13,2
2026-01-13,74,25,0.3378,158.72,53.62,3968.0,22,3
2026-01-14,74,18,0.2432,160.19,38.97,2883.42,23,2
2026-01-15,74,19,0.2568,156.35,40.14,2970.65,15,0
2026-01-16,74,27,0.3649,165.14,60.25,4458.78,13,2
2026-01-17,74,40,0.5405,172.39,93.18,6895.6,11,0
2026-01-18,74,32,0.4324,174.16,75.31,5573.12,16,1
2026-01-19,74,33,0.4459,166.73,74.35,5502.09,14,4
2026-01-20,74,20,0.2703,164.86,44.56,3297.2,17,2
2026-01-21,74,19,0.2568,156.5,40.18,2973.5,15,1
2026-01-22,74,21,0.2838,156.91,44.53,3295.11,11,1
2026-01-23,74,37,0.5,171.77,85.88,6355.49,13,0
2026-01-24,74,43,0.5811,177.56,103.18,7635.08,21,2
2026-01-25,74,35,0.473,175.07,82.8,6127.45,15,5
2026-01-26,74,31,0.4189,171.25,71.74,5308.75,14,2
2026-01-27,74,25,0.3378,169.63,57.31,4240.75,24,1
2026-01-28,74,22,0.2973,172.65,51.33,3798.3,20,2
2026-01-29,74,28,0.3784,166.84,63.13,4671.52,24,5
2026-01-30,74,36,0.4865,172.26,83.8,6201.36,18,1
2026-01-31,74,37,0.5,176.33,88.16,6524.21,12,1
2026-02-01,74,33,0.4459,167.67,74.77,5533.11,20,2
2026-02-02,74,33,0.4459,168.93,75.33,5574.69,22,2
2026-02-03,74,20,0.2703,164.64,44.5,3292.8,19,3
2026-02-04,74,16,0.2162,158.04,34.17,2528.64,16,3
2026-02-05,74,22,0.2973,170.41,50.66,3749.02,27,8
2026-02-06,74,23,0.3108,181.69,56.47,4178.87,16,2
2026-02-07,74,34,0.4595,195.71,89.92,6654.14,19,3
2026-02-08,74,29,0.3919,186.34,73.03,5403.86,13,0
2026-02-09,74,30,0.4054,181.78,73.69,5453.4,21,5
2026-02-10,74,29,0.3919,182.83,71.65,5302.07,25,2
2026-02-11,74,33,0.4459,184.14,82.12,6076.62,24,5
2026-02-12,74,35,0.473,183.47,86.78,6421.45,17,6
2026-02-13,74,43,0.5811,190.16,110.5,8176.88,23,0
2026-02-14,74,53,0.7162,199.09,142.59,10551.77,24,2
2026-02-15,74,40,0.5405,191.93,103.75,7677.2,22,2
2026-02-16,74,35,0.473,181.48,85.84,6351.8,20,1
2026-02-17,74,39,0.527,180.27,95.01,7030.53,24,2
2026-02-18,74,31,0.4189,176.27,73.84,5464.37,22,6
2026-02-19,74,37,0.5,185.83,92.92,6875.71,21,2
2026-02-20,74,49,0.6622,203.13,134.51,9953.37,23,3
2026-02-21,74,46,0.6216,204.21,126.94,9393.66,32,3
2026-02-22,74,45,0.6081,199.89,121.55,8995.05,18,4
2026-02-23,74,37,0.5,197.16,98.58,7294.92,20,3
2026-02-24,74,35,0.473,192.17,90.89,6725.95,20,3
2026-02-25,74,30,0.4054,192.64,78.1,5779.2,18,3
2026-02-26,74,27,0.3649,192.79,70.34,5205.33,27,2
2026-02-27,74,43,0.5811,208.66,121.25,8972.38,23,1
2026-02-28,74,45,0.6081,213.42,129.78,9603.9,28,4
2026-03-01,74,42,0.5676,208.65,118.42,8763.3,28,5
2026-03-02,74,36,0.4865,206.21,100.32,7423.56,28,2
2026-03-03,74,23,0.3108,203.76,63.33,4686.48,32,2
2026-03-04,74,22,0.2973,204.57,60.82,4500.54,26,5
2026-03-05,74,23,0.3108,220.5,68.53,5071.5,28,5
2026-03-06,74,40,0.5405,228.4,123.46,9136.0,25,5
2026-03-07,74,37,0.5,235.29,117.64,8705.73,21,1
2026-03-08,74,42,0.5676,219.0,124.3,9198.0,22,2
2026-03-09,74,40,0.5405,218.67,118.2,8746.8,31,1
2026-03-10,74,40,0.5405,218.33,118.02,8733.2,27,3
2026-03-11,74,29,0.3919,216.11,84.69,6267.19,29,5
2026-03-12,74,30,0.4054,218.65,88.64,6559.5,31,3
2026-03-13,74,43,0.5811,235.54,136.87,10128.22,37,8
2026-03-14,74,72,0.973,242.77,236.21,17479.44,31,8
2026-03-15,74,53,0.7162,238.55,170.85,12643.15,42,4
2026-03-16,74,40,0.5405,234.44,126.72,9377.6,21,1
2026-03-17,74,26,0.3514,231.88,81.47,6028.88,26,5
2026-03-18,74,20,0.2703,223.05,60.28,4461.0,39,7
2026-03-19,74,31,0.4189,231.88,97.14,7188.28,27,6
2026-03-20,74,43,0.5811,246.43,143.2,10596.49,29,3
2026-03-21,74,59,0.7973,252.2,201.08,14879.8,30,5
2026-03-22,74,52,0.7027,242.26,170.24,12597.52,30,3
2026-03-23,74,52,0.7027,238.41,167.53,12397.32,27,2
2026-03-24,74,52,0.7027,236.89,166.46,12318.28,30,2
2026-03-25,74,39,0.527,239.09,126.01,9324.51,31,4
2026-03-26,74,45,0.6081,231.93,141.04,10436.85,42,5
2026-03-27,74,62,0.8378,258.63,216.69,16035.06,37,4
2026-03-28,74,72,0.973,262.86,255.76,18925.92,32,6
2026-03-29,74,49,0.6622,258.04,170.86,12643.96,32,6
2026-03-30,74,41,0.5541,248.41,137.63,10184.81,30,2
2026-03-31,74,31,0.4189,245.26,102.74,7603.06,27,3
2026-04-01,74,30,0.4054,241.37,97.85,7241.1,27,1
2026-04-02,74,36,0.4865,246.86,120.09,8886.96,30,2
2026-04-03,74,44,0.5946,264.77,157.43,11649.88,40,3
2026-04-04,74,55,0.7432,269.18,200.07,14804.9,36,3
2026-04-05,74,58,0.7838,260.48,204.16,15107.84,36,2
2026-04-06,74,58,0.7838,253.94,199.03,14728.52,49,6
2026-04-07,74,35,0.473,250.96,118.7,8783.6,22,2
2026-04-08,74,34,0.4595,250.15,114.93,8505.1,33,3
2026-04-09,74,45,0.6081,255.05,155.1,11477.25,36,8
2026-04-10,74,68,0.9189,272.4,250.31,18523.2,50,11
2026-04-11,74,70,0.9459,279.51,264.4,19565.7,40,3
2026-04-12,74,53,0.7162,268.47,192.28,14228.91,43,4
2026-04-13,74,49,0.6622,264.61,175.21,12965.89,31,2
2026-04-14,74,46,0.6216,257.73,160.21,11855.58,32,4
2026-04-15,74,46,0.6216,255.27,158.68,11742.42,37,6
2026-04-16,74,53,0.7162,259.9,186.14,13774.7,48,14
2026-04-17,74,71,0.9595,286.75,275.12,20359.25,28,6
2026-04-18,74,74,1.0,294.77,294.77,21812.98,49,6
2026-04-19,74,74,1.0,293.68,293.68,21732.32,35,5
2026-04-20,74,61,0.8243,290.44,239.42,17716.84,34,1
2026-04-21,74,46,0.6216,279.09,173.49,12838.14,42,3
2026-04-22,74,40,0.5405,268.32,145.04,10732.8,36,0
2026-04-23,74,49,0.6622,273.33,180.99,13393.17,29,3
2026-04-24,74,64,0.8649,292.11,252.64,18695.04,33,2
2026-04-25,74,72,0.973,301.04,292.9,21674.88,34,5
2026-04-26,74,67,0.9054,289.03,261.69,19365.01,27,4
2026-04-27,74,48,0.6486,285.19,184.99,13689.12,36,7
2026-04-28,74,41,0.5541,281.83,156.15,11555.03,35,1
2026-04-29,74,43,0.5811,277.04,160.98,11912.72,27,4
2026-04-30,74,57,0.7703,276.96,213.33,15786.72,34,8
2026-05-01,74,63,0.8514,300.04,255.44,18902.52,32,0
2026-05-02,74,69,0.9324,305.11,284.49,21052.59,32,1
2026-05-03,74,60,0.8108,302.58,245.34,18154.8,32,5
2026-05-04,74,65,0.8784,296.35,260.31,19262.75,23,3
2026-05-05,74,40,0.5405,291.36,157.49,11654.4,26,3
2026-05-06,74,40,0.5405,288.47,155.93,11538.8,27,6
2026-05-07,74,51,0.6892,285.37,196.67,14553.87,41,3
2026-05-08,74,67,0.9054,304.95,276.1,20431.65,43,2
2026-05-09,74,74,1.0,315.09,315.09,23316.66,33,4
2026-05-10,74,74,1.0,300.39,300.39,22228.86,30,5
2026-05-11,74,64,0.8649,294.17,254.42,18826.88,30,1
2026-05-12,74,57,0.7703,291.02,224.16,16588.14,30,2
2026-05-13,74,59,0.7973,290.96,231.98,17166.64,42,7
2026-05-14,74,63,0.8514,292.36,248.9,18418.68,36,4
2026-05-15,74,74,1.0,310.55,310.55,22980.7,31,2
2026-05-16,74,74,1.0,320.9,320.9,23746.6,37,5
2026-05-17,74,67,0.9054,309.93,280.61,20765.31,33,5
2026-05-18,74,45,0.6081,300.87,182.96,13539.15,46,10
2026-05-19,74,37,0.5,296.9,148.45,10985.3,42,12
2026-05-20,74,40,0.5405,293.15,158.46,11726.0,38,4
2026-05-21,74,50,0.6757,295.66,199.77,14783.0,33,3
2026-05-22,74,74,1.0,319.93,319.93,23674.82,44,5
2026-05-23,74,74,1.0,325.64,325.64,24097.36,29,8
2026-05-24,74,74,1.0,318.33,318.33,23556.42,27,2
2026-05-25,74,74,1.0,308.74,308.74,22846.76,45,4
2026-05-26,74,63,0.8514,305.68,260.24,19257.84,42,9
2026-05-27,74,65,0.8784,299.99,263.5,19499.35,31,1
2026-05-28,74,58,0.7838,297.52,233.19,17256.16,31,4
2026-05-29,74,70,0.9459,322.07,304.66,22544.9,26,3
2026-05-30,74,74,1.0,329.18,329.18,24359.32,32,3
2026-05-31,74,71,0.9595,320.25,307.27,22737.75,42,6
2026-06-01,74,54,0.7297,314.11,229.22,16961.94,34,2
2026-06-02,74,50,0.6757,310.44,209.76,15522.0,42,5
2026-06-03,74,37,0.5,305.08,152.54,11287.96,42,7
2026-06-04,74,41,0.5541,303.53,168.17,12444.73,39,2
2026-06-05,74,63,0.8514,329.72,280.71,20772.36,43,9
2026-06-06,74,71,0.9595,332.62,319.14,23616.02,32,2
2026-06-07,74,65,0.8784,321.24,282.17,20880.6,35,7
2026-06-08,74,60,0.8108,313.21,253.95,18792.6,31,4
2026-06-09,74,54,0.7297,308.9,225.41,16680.6,31,2
2026-06-10,74,48,0.6486,311.22,201.87,14938.56,47,5
2026-06-11,74,66,0.8919,311.49,277.82,20558.34,34,4
2026-06-12,74,74,1.0,328.68,328.68,24322.32,37,3
2026-06-13,74,74,1.0,339.77,339.77,25142.98,22,2
2026-06-14,74,74,1.0,331.69,331.69,24545.06,42,2
2026-06-15,74,66,0.8919,327.7,292.27,21628.2,27,3
2026-06-16,74,49,0.6622,317.94,210.53,15579.06,35,2
2026-06-17,74,50,0.6757,307.04,207.46,15352.0,34,6
2026-06-18,74,43,0.5811,309.39,179.78,13303.77,34,4
2026-06-19,74,69,0.9324,328.34,306.15,22655.46,44,5
2026-06-20,74,74,1.0,337.07,337.07,24943.18,29,3
2026-06-21,74,74,1.0,326.23,326.23,24141.02,36,8
2026-06-22,74,68,0.9189,322.61,296.45,21937.48,36,6
2026-06-23,74,56,0.7568,319.37,241.69,17884.72,28,4
2026-06-24,74,40,0.5405,311.34,168.29,12453.6,29,4
2026-06-25,74,46,0.6216,308.43,191.73,14187.78,27,3
2026-06-26,74,73,0.9865,338.27,333.7,24693.71,32,3
2026-06-27,74,74,1.0,344.1,344.1,25463.4,41,2
2026-06-28,74,64,0.8649,335.0,289.73,21440.0,42,4
2026-06-29,74,62,0.8378,326.56,273.6,20246.72,32,4
2026-06-30,74,55,0.7432,315.98,234.85,17378.9,23,4
2026-07-01,74,56,0.7568,314.28,237.83,17599.68,31,3
2026-07-02,74,74,1.0,309.29,309.29,22887.46,32,4
2026-07-03,74,74,1.0,330.92,330.92,24488.08,37,5
2026-07-04,74,74,1.0,343.87,343.87,25446.38,33,3
2026-07-05,74,74,1.0,334.87,334.87,24780.38,24,3
2026-07-06,74,74,1.0,326.77,326.77,24180.98,33,0
2026-07-07,74,66,0.8919,322.38,287.53,21277.08,28,3
2026-07-08,74,49,0.6622,310.99,205.93,15238.51,36,4
2026-07-09,74,55,0.7432,311.12,231.24,17111.6,18,3
2026-07-10,74,74,1.0,334.33,334.33,24740.42,35,4
2026-07-11,74,74,1.0,345.29,345.29,25551.46,27,3
2026-07-12,74,74,1.0,330.32,330.32,24443.68,21,1
2026-07-13,74,72,0.973,327.55,318.7,23583.6,22,2
2026-07-14,74,57,0.7703,323.3,249.03,18428.1,29,4
2026-07-15,74,48,0.6486,314.82,204.21,15111.36,28,2
2026-07-16,74,53,0.7162,318.82,228.34,16897.46,28,2
2026-07-17,74,74,1.0,345.24,345.24,25547.76,25,5
2026-07-18,74,74,1.0,353.45,353.45,26155.3,32,5
2026-07-19,74,74,1.0,341.34,341.34,25259.16,20,1
2026-07-20,74,74,1.0,333.2,333.2,24656.8,31,2
2026-07-21,74,64,0.8649,324.0,280.22,20736.0,27,4
2026-07-22,74,55,0.7432,311.91,231.82,17155.05,28,2
2026-07-23,74,56,0.7568,321.16,243.04,17984.96,22,8
2026-07-24,74,74,1.0,347.1,347.1,25685.4,27,4
2026-07-25,74,74,1.0,347.64,347.64,25725.36,37,3
2026-07-26,74,74,1.0,337.52,337.52,24976.48,25,4
2026-07-27,74,68,0.9189,328.71,302.06,22352.28,41,6
2026-07-28,74,53,0.7162,319.78,229.03,16948.34,28,4
2026-07-29,74,51,0.6892,317.42,218.76,16188.42,19,2
2026-07-30,74,58,0.7838,318.81,249.88,18490.98,21,3
2026-07-31,74,74,1.0,342.76,342.76,25364.24,24,4
2026-08-01,74,74,1.0,351.39,351.39,26002.86,22,3
2026-08-02,74,67,0.9054,341.22,308.94,22861.74,33,7
2026-08-03,74,69,0.9324,326.9,304.81,22556.1,29,2
2026-08-04,74,57,0.7703,314.46,242.22,17924.22,26,1
2026-08-05,74,48,0.6486,314.94,204.29,15117.12,33,0
2026-08-06,74,56,0.7568,317.55,240.31,17782.8,23,2
2026-08-07,74,73,0.9865,337.23,332.67,24617.79,25,3
2026-08-08,74,74,1.0,347.18,347.18,25691.32,32,2
2026-08-09,74,70,0.9459,337.32,319.09,23612.4,28,5
2026-08-10,74,71,0.9595,328.6,315.28,23330.6,21,5
2026-08-11,74,66,0.8919,322.71,287.82,21298.86,26,2
2026-08-12,74,56,0.7568,318.64,241.13,17843.84,26,1
2026-08-13,74,60,0.8108,321.52,260.69,19291.2,19,3
2026-08-14,74,74,1.0,338.82,338.82,25072.68,27,0
2026-08-15,74,74,1.0,346.55,346.55,25644.7,26,3
2026-08-16,74,69,0.9324,341.5,318.43,23563.5,24,1
2026-08-17,74,74,1.0,331.53,331.53,24533.22,27,1
2026-08-18,74,50,0.6757,317.59,214.59,15879.5,23,6
2026-08-19,74,42,0.5676,317.24,180.06,13324.08,31,2
2026-08-20,74,53,0.7162,322.06,230.66,17069.18,28,5
2026-08-21,74,74,1.0,335.73,335.73,24844.02,23,1
2026-08-22,74,74,1.0,341.01,341.01,25234.74,14,0
2026-08-23,74,71,0.9595,338.28,324.57,24017.88,29,2
2026-08-24,74,70,0.9459,327.81,310.09,22946.7,35,3
2026-08-25,74,64,0.8649,324.29,280.47,20754.56,29,5
2026-08-26,74,58,0.7838,319.58,250.48,18535.64,22,1
2026-08-27,74,65,0.8784,310.01,272.31,20150.65,33,4
2026-08-28,74,74,1.0,336.86,336.86,24927.64,25,3
2026-08-29,74,74,1.0,342.0,342.0,25308.0,31,3
2026-08-30,74,74,1.0,337.55,337.55,24978.7,39,4
2026-08-31,74,71,0.9595,330.42,317.02,23459.82,25,1
